id,name
5501,Berk Rasmussen
5502,Thaddeus Bradley
5503,Brandon Randall
5504,Duncan Valdez
5505,Azalia Montgomery
5506,Elton Washington
5507,Joseph Frederick
5508,Chanda Donovan
5509,Maite Neal
5510,Shelly Ellis
5511,Damon Crane
5512,Declan Herrera
5513,Allistair Cunningham
5514,Gregory Mendez
5515,Montana Hood
5516,Quinlan Chandler
5517,Carlos May
5518,Justin Kirk
5519,Rana Ball
5520,Curran Hooper
5521,Hakeem Levy
5522,George Bailey
5523,Ross Berry
5524,Orson Alexander
5525,Sylvia Kirkland
5526,Lacey Mckay
5527,Cairo Hardin
5528,Jennifer Burton
5529,Macy Landry
5530,Regina Woods
5531,Fuller Wright
5532,Colleen Wiley
5533,Asher Duke
5534,Reed Caldwell
5535,Wyoming Wilkins
5536,Cairo Anthony
5537,Jameson Morris
5538,Beverly Perkins
5539,Lamar Beasley
5540,Emery Young
5541,Zephania Church
5542,Karleigh Carver
5543,Zachary Marshall
5544,Herrod Leach
5545,Sage Rocha
5546,Ciara Conrad
5547,Evelyn Lane
5548,Aristotle Wiley
5549,Adrian Rodriquez
5550,Cassady Mccray
5551,Giselle Leblanc
5552,Emery Garza
5553,Eleanor Warner
5554,Beatrice Jefferson
5555,Edward Sellers
5556,Zena Barnett
5557,Kim Tate
5558,Xanthus Zimmerman
5559,Hoyt Forbes
5560,Basil Michael
5561,Victoria Peck
5562,Roary Hobbs
5563,Cailin Black
5564,Alfonso Daniels
5565,Kathleen Klein
5566,Aladdin Hardy
5567,Bertha Ward
5568,Ferris Whitfield
5569,Bryar Welch
5570,Rana Sargent
5571,Virginia Medina
5572,Marshall Mack
5573,Wanda Macdonald
5574,August Atkinson
5575,Georgia Gutierrez
5576,Dieter Holder
5577,Rudyard Kidd
5578,Akeem Kelley
5579,Christine Rich
5580,Sopoline Gonzales
5581,Jorden Mccarthy
5582,Deanna Medina
5583,Bradley Bowers
5584,Jaime Nieves
5585,Palmer Coleman
5586,Kiayada Snider
5587,Gannon Mcgowan
5588,Jeanette Jennings
5589,Ahmed Irwin
5590,Erica Mcclure
5591,Kelsie Lewis
5592,Jerry Coffey
5593,Aaron Cannon
5594,Aidan Floyd
5595,Anthony Weeks
5596,Wylie Avila
5597,Doris Ashley
5598,August Mejia
5599,Ainsley Underwood
5600,Carlos Armstrong
5601,Paul Goff
5602,Wendy Lamb
5603,Tobias Knowles
5604,Thaddeus Hansen
5605,Elaine O'brien
5606,Anjolie Pate
5607,Hamish Molina
5608,Zephania Ratliff
5609,Hashim Wilkins
5610,Jared Cherry
5611,Lucas Mooney
5612,Veronica Bridges
5613,Nolan Cabrera
5614,Allegra Coffey
5615,Lenore Perkins
5616,Fiona Jimenez
5617,Clio Shannon
5618,Zeph Carter
5619,Vance Spears
5620,Brody Cline
5621,Jeremy Kelley
5622,Ezra Drake
5623,Linda Hansen
5624,Lara Workman
5625,Risa Spence
5626,Rinah Richardson
5627,Hayden Horne
5628,Harper Barnett
5629,Timon Wall
5630,Chester Ashley
5631,Evangeline Jones
5632,Xanthus Buchanan
5633,Daria Maddox
5634,Dana Moran
5635,Tobias Stephenson
5636,Armando Tillman
5637,Michael Cohen
5638,Geoffrey Freeman
5639,Garrison Randolph
5640,Griffin Harvey
5641,Yoshi Warren
5642,Stacy Foster
5643,Amos Duncan
5644,Kaitlin Allen
5645,Macon Wolfe
5646,Aidan Craft
5647,Zelda Bauer
5648,Ezra Diaz
5649,Allistair Dyer
5650,Ima Chase
5651,Kristen Townsend
5652,Chloe Goff
5653,Demetria Aguirre
5654,Hilda Greer
5655,Aimee Sanford
5656,McKenzie Buck
5657,Neve Stafford
5658,Tarik Buck
5659,Palmer Stokes
5660,Gretchen Garrett
5661,Cailin Bowen
5662,Alvin Drake
5663,Neville Talley
5664,India Crawford
5665,Constance Rosales
5666,Blaze Blanchard
5667,Leah Douglas
5668,John Nicholson
5669,Nayda Everett
5670,Lucius Thomas
5671,Joshua Solomon
5672,MacKensie Smith
5673,Aaron Ayers
5674,Nicholas Walters
5675,Preston Duncan
5676,Steel Sharpe
5677,Joel Mooney
5678,Olivia Brewer
5679,Ruby Kinney
5680,Rebekah Abbott
5681,Emmanuel Robles
5682,Raymond Holden
5683,Chiquita Pace
5684,Preston Bridges
5685,Bernard Burnett
5686,Dean O'Neill
5687,Cullen Torres
5688,Myles Wong
5689,Abel Nelson
5690,Guy Winters
5691,Risa Frost
5692,Colette Weeks
5693,Azalia Bradshaw
5694,Josiah Barrett
5695,Zahir Clarke
5696,Wallace Dunn
5697,Britanney Newton
5698,Urielle Noble
5699,Gavin Hart
5700,Violet Velasquez
5701,Duncan Collins
5702,Lev Mcclain
5703,Jameson Snow
5704,Eleanor Howe
5705,Vernon Jennings
5706,Jared Gonzales
5707,Minerva Cochran
5708,Renee Landry
5709,Mara King
5710,Noah Britt
5711,Olympia Curry
5712,Kevin Gray
5713,Darius Mcclain
5714,Harding Clarke
5715,Kelly Solis
5716,Renee Morrow
5717,Odysseus Long
5718,Portia Bridges
5719,Roary Woodward
5720,Abra Ramirez
5721,Leah Johns
5722,Velma Gamble
5723,Irma Hopper
5724,Kamal Wheeler
5725,Cedric Bonner
5726,Tyrone Barnes
5727,Leroy Drake
5728,Noelani Stokes
5729,Henry Nielsen
5730,Summer Reilly
5731,Wynter Jones
5732,Alice Terrell
5733,Ray Ballard
5734,Hop Pacheco
5735,Oliver Carver
5736,Allegra Knowles
5737,Emery Waters
5738,Zoe Bates
5739,Caleb Hopkins
5740,Brooke Middleton
5741,Brooke Tyler
5742,Wanda Hodge
5743,Anne Bowman
5744,Louis Ayers
5745,Geraldine Pittman
5746,Shannon Doyle
5747,Tate Patel
5748,Lee Cline
5749,Anthony Meyers
5750,Odysseus Olsen
5751,Maisie Barry
5752,Yoshio Sweeney
5753,Remedios Herrera
5754,Libby Fitzgerald
5755,Chandler Mcdowell
5756,Roth Reese
5757,Brenden Christian
5758,Kelsey Justice
5759,Nelle Vang
5760,Simon Yates
5761,Uriah Shields
5762,Cyrus Espinoza
5763,Hammett Yang
5764,Roth Nguyen
5765,Calvin Morris
5766,Olympia Wyatt
5767,Yoshio Perez
5768,Tatyana Langley
5769,Destiny Hutchinson
5770,Rama Hatfield
5771,Craig Duffy
5772,Raymond Carver
5773,Dacey Lester
5774,Stuart Hubbard
5775,Dean Maddox
5776,Kai Hobbs
5777,Jane Bush
5778,John Woodward
5779,Kirestin Wilson
5780,Quail Pacheco
5781,Alexa Camacho
5782,Grady Gilbert
5783,Ulric Lamb
5784,Moana Delaney
5785,Oprah Dickson
5786,Adria Summers
5787,Mercedes Rice
5788,Karina Neal
5789,Noble Lopez
5790,Oscar Perez
5791,Adele Bush
5792,Yeo Byers
5793,Damian Arnold
5794,Hamilton Cohen
5795,Georgia Head
5796,Demetria Decker
5797,Julian Moore
5798,Charde Vang
5799,MacKenzie Park
5800,Sara Moody
5801,Philip Hampton
5802,Eliana Miles
5803,Coby Hodge
5804,Claudia Wilkerson
5805,Chadwick Pruitt
5806,Ivan Lindsey
5807,Juliet Curry
5808,Clark Salazar
5809,Leah Cortez
5810,Clarke Ramsey
5811,Patrick Hartman
5812,Tatum Roach
5813,Sylvester Walker
5814,Ralph Boyle
5815,Len Fleming
5816,Vera Kirkland
5817,Darryl Benson
5818,Winter Guthrie
5819,Maggy Walton
5820,Olga Bentley
5821,Xenos Sweeney
5822,Gwendolyn Jimenez
5823,Dane Hyde
5824,Veronica Howell
5825,William Warner
5826,Mary Shaffer
5827,Anjolie Crosby
5828,Sonia Kline
5829,Raven Bishop
5830,Rebekah Herman
5831,Lyle Reid
5832,Alden Martinez
5833,May Wong
5834,Howard Cooley
5835,Chaney Tillman
5836,Celeste Stout
5837,Hollee Carney
5838,Dylan Cotton
5839,Gail William
5840,Walker Edwards
5841,Giselle English
5842,Len Delgado
5843,Rosalyn Lucas
5844,Priscilla Booth
5845,Hanna Emerson
5846,Kareem Holcomb
5847,Galvin Stevenson
5848,Colby Raymond
5849,Coby Peterson
5850,Sylvester Newman
5851,Lucy Bishop
5852,Berk Cain
5853,Noelani Montoya
5854,Reuben Townsend
5855,Jorden Chang
5856,Zeph Gibson
5857,Jamalia Owens
5858,Marah Cantrell
5859,Dante Hampton
5860,Kelsey Joyner
5861,Felicia Swanson
5862,Myra Rodriquez
5863,Rebekah Berry
5864,MacKenzie Vazquez
5865,Margaret Craig
5866,Mollie Camacho
5867,Uma Swanson
5868,Orson Ruiz
5869,Naida Harrison
5870,Lucian Martinez
5871,Wylie Barker
5872,Baker Roberson
5873,Zeph Sanchez
5874,Dexter Thompson
5875,Levi Vinson
5876,Zane Moon
5877,Reece Frost
5878,Lysandra Copeland
5879,Amity Boyle
5880,Shea Fleming
5881,Kessie Gaines
5882,Ava Beach
5883,Alyssa Holcomb
5884,Lucius Hayden
5885,Kellie Vasquez
5886,Jessica Hunt
5887,Indira Pruitt
5888,Zelenia Donaldson
5889,Bernard Barker
5890,Sylvester Cohen
5891,Ezekiel Bright
5892,Solomon Christian
5893,Quamar Dillard
5894,Josiah Dale
5895,Christopher Olson
5896,Vaughan Walton
5897,Yuli Romero
5898,Edan Rush
5899,Driscoll Taylor
5900,Inga Duncan
5901,Kellie Shields
5902,TaShya Foley
5903,Hakeem Foley
5904,Beck Ruiz
5905,Indira Swanson
5906,Plato Nguyen
5907,Amelia Short
5908,Colorado Mills
5909,Abel Nolan
5910,Lamar Burt
5911,Gisela Hobbs
5912,Silas Reid
5913,Rooney Lancaster
5914,Sasha Booker
5915,Karleigh Jacobs
5916,Talon Combs
5917,Deanna Decker
5918,Zelda Sexton
5919,Jaime Chandler
5920,Maryam Salas
5921,Chloe Wynn
5922,Odessa Gould
5923,Wilma Walters
5924,Chiquita Marsh
5925,Abigail Walters
5926,Jolene Lloyd
5927,Oscar Herring
5928,Murphy Gray
5929,Christine Dickerson
5930,Skyler Nixon
5931,Mary Vasquez
5932,Keith Branch
5933,Martin Howard
5934,Amir Cross
5935,Callie Wilson
5936,Cleo Wilson
5937,Rhoda Carney
5938,Alice Graham
5939,Germaine Black
5940,Blaze Howard
5941,Clark Brennan
5942,Yolanda Carrillo
5943,Noelle Franklin
5944,Cain Castaneda
5945,Griffith Coleman
5946,Rinah Richmond
5947,Ignatius Mccormick
5948,Melissa Lewis
5949,Katelyn Pena
5950,Brian Gallegos
5951,Buckminster Terrell
5952,Noelle Hebert
5953,Melodie Luna
5954,Paloma Zimmerman
5955,Kareem Schultz
5956,Katell Moran
5957,Tamekah Mcneil
5958,Chancellor Molina
5959,Scott Downs
5960,Beck Bernard
5961,Dale Hammond
5962,Eliana Robertson
5963,Ivan Maxwell
5964,Iris Wade
5965,Damon Hall
5966,Vaughan Burch
5967,Stone Higgins
5968,Jenna Freeman
5969,Camden Sims
5970,Eve Ortega
5971,Joshua Hayden
5972,Solomon Cash
5973,Odysseus Lewis
5974,Yardley Jordan
5975,Astra Keller
5976,Curran Baxter
5977,Geraldine Salazar
5978,Marny Barry
5979,Gillian Medina
5980,Rowan Curtis
5981,Flynn Holland
5982,Quynn Potts
5983,Alana Robles
5984,Karleigh Edwards
5985,Jolie Kim
5986,Thane Hewitt
5987,Steven Miller
5988,Tad Mosley
5989,Rebekah Haynes
5990,Elton Boone
5991,Zelenia Clayton
5992,Amity Pratt
5993,Raja Trevino
5994,Hanna Hewitt
5995,Aurora Glass
5996,Alden Chandler
5997,Gwendolyn Ray
5998,Mason Fitzgerald
5999,Solomon Franklin
6000,Berk Burton
